{
  "train_loss": [
    0.13083308377108993,
    0.12233476447019355,
    0.12004949353334007,
    0.11893554526355164,
    0.11829975024519906,
    0.11784861194038491,
    0.11752550322221532,
    0.1172603234771253,
    0.11705459117845177,
    0.11685683656227734
  ],
  "val_loss": [
    0.12553836412943065,
    0.1229703291295355,
    0.12191080531532178,
    0.12135261480873771,
    0.1210696131391226,
    0.12080518929910639,
    0.1206119965421361,
    0.12051304353627354,
    0.12035714985886062,
    0.12024018371961996
  ],
  "train_acc": [
    0.4557012512792607,
    0.3694844927325626,
    0.36934535864130924,
    0.36934535864130924,
    0.36934535864130924,
    0.36934535864130924,
    0.36934535864130924,
    0.36934535864130924,
    0.36934535864130924,
    0.36934535864130924
  ],
  "val_acc": [
    0.37009324989487746,
    0.36862153404734227,
    0.36862153404734227,
    0.36862153404734227,
    0.36862153404734227,
    0.36862153404734227,
    0.36862153404734227,
    0.36862153404734227,
    0.36862153404734227,
    0.36862153404734227
  ],
  "learning_rates": [
    0.0001,
    0.0001,
    0.0001,
    0.0001,
    0.0001,
    0.0001,
    0.0001,
    0.0001,
    0.0001,
    0.0001
  ]
}