{
  "train_loss": [
    0.11536760625833622,
    0.09937602531971519,
    0.09198328734575799,
    0.08671904790122008,
    0.08286563545716243,
    0.0795943763663853,
    0.07702108078269147,
    0.07476302752623401,
    0.07254976762230099,
    0.07084978296874832,
    0.06889980134390414,
    0.06746982788789832,
    0.06610805294476062,
    0.06470970782923627,
    0.0634385774409119,
    0.062118568896904675,
    0.061043430181670355,
    0.059842292608906306,
    0.059007637481756296,
    0.05794989665681413,
    0.0570296943454626,
    0.05626517768362994,
    0.05571020659396651
  ],
  "train_acc": [
    0.7312795517507134,
    0.7692281655522922,
    0.7875216105313587,
    0.8003108792101481,
    0.8103011935262139,
    0.8177841654689746,
    0.8244027161573871,
    0.829805348997063,
    0.834877314670166,
    0.8391499510508447,
    0.8442349351163324,
    0.8474921368909996,
    0.8508118269491137,
    0.8546834968443416,
    0.857826136766023,
    0.8608880626549189,
    0.8629736091149576,
    0.8664026536691037,
    0.8683293757420484,
    0.8706310275156741,
    0.8733596825595201,
    0.8755936386927451,
    0.8765439813368326
  ],
  "val_loss": [
    0.09889525214587397,
    0.09331231030835947,
    0.09047048943871751,
    0.08840110893302326,
    0.08777764164606887,
    0.08664812391647432,
    0.0858757312268113,
    0.08589575054784175,
    0.08501910915763318,
    0.0850555112237653,
    0.08541472228479725,
    0.08436156277650897,
    0.08415032644119538,
    0.08454875375992985,
    0.08405142496163144,
    0.08458362834209789,
    0.08429079569722939,
    0.08394984670773242,
    0.08419437769541069,
    0.08415723417272579,
    0.08421598457071129,
    0.08432177384678699,
    0.0842297882890871
  ],
  "val_acc": [
    0.7128370022260697,
    0.7310413059609201,
    0.7412317585951026,
    0.7486025228790502,
    0.7477120949789761,
    0.7539450902794954,
    0.7556270096463023,
    0.7588424437299035,
    0.759436062329953,
    0.7634429878802869,
    0.7600296809300024,
    0.7649270343804105,
    0.7664110808805342,
    0.7635419243136284,
    0.7647291615137274,
    0.7605738313133812,
    0.7646302250803858,
    0.7665594855305466,
    0.7640366064803363,
    0.7655701211971309,
    0.7667573583972298,
    0.7668562948305714,
    0.7665100173138758
  ],
  "test_acc": [
    0.7128370022260697,
    0.7310413059609201,
    0.7412317585951026,
    0.7486025228790502,
    0.7477120949789761,
    0.7539450902794954,
    0.7556270096463023,
    0.7588424437299035,
    0.759436062329953,
    0.7634429878802869,
    0.7600296809300024,
    0.7649270343804105,
    0.7664110808805342,
    0.7635419243136284,
    0.7647291615137274,
    0.7605738313133812,
    0.7646302250803858,
    0.7665594855305466,
    0.7640366064803363,
    0.7655701211971309,
    0.7667573583972298,
    0.7668562948305714,
    0.7665100173138758
  ]
}