{
  "train_loss": [
    0.27401769277763216,
    0.25417413251131543,
    0.2437148780526663,
    0.23578975071860075,
    0.22936154705431847,
    0.2232440998142713,
    0.21796857267797526,
    0.21313918490955813,
    0.20968604302899405,
    0.20553882099965493,
    0.2014034083482291,
    0.19818525945004256,
    0.19508088521617648,
    0.19134189144731412,
    0.18960642047040574,
    0.186748558113772,
    0.18467917547625828,
    0.18241582420511118,
    0.1797516273751787,
    0.17820096459232584,
    0.1759989444524555,
    0.17397587211609025,
    0.17225222155180192,
    0.17085496126097643,
    0.16956052096473165,
    0.16762839350902003,
    0.16583525887896983,
    0.1654973660753467,
    0.1638806475800224,
    0.1630158897472115
  ],
  "train_acc": [
    0.7495593969725813,
    0.785142313242654,
    0.8021431422518346,
    0.8137707636095673,
    0.8230157511744297,
    0.8304522705640333,
    0.8370045134944272,
    0.8425803678344438,
    0.8477202247536001,
    0.8526574349841874,
    0.856384905892106,
    0.8604501212809728,
    0.8637477355767754,
    0.8670607018944395,
    0.8702907672940526,
    0.8729036814148423,
    0.8749731339617428,
    0.8778040467929626,
    0.8801222020940158,
    0.8821271761490989,
    0.8840768829254813,
    0.8859314071663238,
    0.8876907488716264,
    0.8890263747735577,
    0.8905400841290798,
    0.8926248886978415,
    0.8941017532008966,
    0.8948908471245663,
    0.8966102735730296,
    0.8975099020541005
  ],
  "val_loss": [
    0.10901341937877575,
    0.10429138405091168,
    0.1016201680471246,
    0.09981773911969835,
    0.09848136521861221,
    0.09733816194540157,
    0.09656640897945945,
    0.09564272406234722,
    0.09534431161223554,
    0.09461831691105849,
    0.09414482596083333,
    0.09368454502320946,
    0.0936004348274884,
    0.09312456654044406,
    0.09295464645200253,
    0.0926255892793884,
    0.09247847034034186,
    0.0922746648459397,
    0.09218936478956978,
    0.0919293339336785,
    0.09182557218537934,
    0.09167220410406005,
    0.09182979946988973,
    0.09154159155892014,
    0.0912721362660231,
    0.09136290776823265,
    0.0912723055025215,
    0.09136584667243751,
    0.09115606888631003,
    0.09087491724310783
  ],
  "val_acc": [
    0.7146874961620181,
    0.7349766036623558,
    0.7457720791422571,
    0.7547621679378063,
    0.7618117730862287,
    0.7650172555666089,
    0.7702000663203272,
    0.7722756469302285,
    0.7779374378246933,
    0.776475934318313,
    0.7814622403989044,
    0.7839799565233411,
    0.7876275745182565,
    0.7877135453127495,
    0.7894698058288199,
    0.7912260663448902,
    0.7917787357380592,
    0.7938420348058902,
    0.7945789273301156,
    0.7920980558318903,
    0.7963106247620452,
    0.795229849059848,
    0.796568537145524,
    0.7970597988283409,
    0.7983616422878057,
    0.799098534812031,
    0.7977352836422141,
    0.8006582906549746,
    0.8006460091129042,
    0.7992827579430873
  ],
  "optimal_threshold": [
    0.7100000000000001,
    0.7100000000000001,
    0.7100000000000001,
    0.7000000000000001,
    0.7000000000000001,
    0.7100000000000001
  ],
  "f1_score": [
    0.8303564096701025,
    0.8397887817754751,
    0.8436871400262448,
    0.8457181785236738,
    0.8471752097984886,
    0.8478274542385766
  ]
}