{
  "train_loss": [
    20.376642030645453,
    0.1705100551495286,
    0.15542108346997918,
    0.14907726784868577,
    0.14432152808066398,
    0.14066409358008922,
    0.13784153508657315,
    0.13528088383554257,
    0.13256854848425526,
    0.13061332511046148,
    0.12879532031170146,
    0.1272096438752658,
    0.12568400946372138,
    0.12402661180891635,
    0.12310816046501806,
    0.1220331223467974,
    0.12084043394924213,
    0.11980254874274723,
    0.11886476359371675,
    0.11770638080552093
  ],
  "train_acc": [
    0.6600035866231325,
    0.5315962946472742,
    0.5465580785594143,
    0.5531438606906105,
    0.5597883892351835,
    0.5629019491441575,
    0.5669925546650836,
    0.5672368160680716,
    0.5689435539724943,
    0.5729846888295241,
    0.5752943504501831,
    0.5775390818244781,
    0.5819976254081329,
    0.5809494657168299,
    0.5831199910952805,
    0.5839579004650243,
    0.587832071831404,
    0.5895759127337489,
    0.5903396161076482,
    0.5901015385376471
  ],
  "val_loss": [
    0.24405756579187957,
    0.17842139482651484,
    0.16471644267764166,
    0.16155987288353232,
    0.14861281354424036,
    0.14604522502635797,
    0.13855536107223027,
    0.14092212263384166,
    0.13413729143764222,
    0.12716987956540832,
    0.13093449702087626,
    0.1223916285267733,
    0.13409908125446066,
    0.12197703167171077,
    0.12104294489483895,
    0.12265014493794464,
    0.12333864721918841,
    0.11889492774910733,
    0.11757627313092003,
    0.116168349126275
  ],
  "val_acc": [
    0.6654876450072967,
    0.650003710208019,
    0.6752331247371935,
    0.6928071433871725,
    0.696059759083826,
    0.7007222538276979,
    0.7002399267852284,
    0.7056691978530263,
    0.7087115684286033,
    0.7116550001236736,
    0.7103193252368349,
    0.7147344727794405,
    0.7163793316678622,
    0.7196195800044523,
    0.7209676222513542,
    0.7242573400281975,
    0.7269163224418116,
    0.723156644982562,
    0.7276459966855475,
    0.7257661579559227
  ],
  "learning_rates": [
    5e-06,
    5.0001207368980875e-06,
    5.0000882662485536e-06,
    5.00008148631774e-06,
    5.000079924741706e-06,
    5.000073519745496e-06,
    5.0000722495424105e-06,
    5.000068544256987e-06,
    5.000069715109644e-06,
    5.0000663586086075e-06,
    5.000062911783697e-06,
    5.000064774164946e-06,
    5.000060547951187e-06,
    5.0000663397057756e-06,
    5.000060342847369e-06,
    5.000059880748439e-06,
    5.000060675840971e-06,
    5.00006101644762e-06,
    5.0000588181100974e-06,
    5.0000581657629035e-06
  ]
}