{
  "train_loss": [
    0.1299475683367413,
    0.12200852103205563,
    0.12007996595055927,
    0.11917694202293673,
    0.11861416892574965,
    0.11819247265582589,
    0.11788163466182242,
    0.11755082163064905,
    0.11724225093242405,
    0.1169208030720939
  ],
  "val_loss": [
    0.12516595826856128,
    0.1230233584659275,
    0.12209687804192199,
    0.12159322854242025,
    0.12117935091899844,
    0.12098051817091879,
    0.12062197340616229,
    0.12043874096206444,
    0.12021645531205731,
    0.11996825332751518
  ],
  "train_acc": [
    0.5050072813507755,
    0.3802411039207987,
    0.36946903338909004,
    0.36935154237869827,
    0.36934535864130924,
    0.36934535864130924,
    0.36934535864130924,
    0.36934535864130924,
    0.36934535864130924,
    0.36936390985347634
  ],
  "val_acc": [
    0.8121769027183458,
    0.8245937322219199,
    0.8002918696974943,
    0.7690890202577357,
    0.7586880704444829,
    0.7287343243711197,
    0.7457641791783126,
    0.7462836083009721,
    0.7839298523337208,
    0.7929209230997551
  ],
  "learning_rates": [
    0.0001,
    0.0001,
    0.0001,
    0.0001,
    0.0001,
    0.0001,
    0.0001,
    0.0001,
    0.0001,
    0.0001
  ]
}