{
  "train_loss": [
    0.15448073838822057,
    0.13578549754550895,
    0.12892374607412885,
    0.12411163114155035,
    0.12064548002422723,
    0.11756940714869712,
    0.1149817624533785,
    0.11286951940308766,
    0.11074583259235801,
    0.1090491738837893,
    0.10738303315915787,
    0.10588121982284891,
    0.10436352905620598,
    0.10310497189806267,
    0.10178487860031246,
    0.10065792148126165,
    0.09950916641816147,
    0.09848591557045895,
    0.09746775201929009,
    0.09636197101383402
  ],
  "train_acc": [
    0.7906246908083506,
    0.8114858513901256,
    0.8202236074008113,
    0.8278791926387652,
    0.8321305778173543,
    0.836570569902048,
    0.8555363856732957,
    0.8579326209557733,
    0.861806792322153,
    0.8643050608489166,
    0.8667043880478876,
    0.8688965568417928,
    0.8716947412684278,
    0.8733396408429801,
    0.8757420599584447,
    0.8775693826061146,
    0.8795172899970317,
    0.8806365637676857,
    0.8824020480854853,
    0.884269565647571
  ],
  "val_loss": [
    0.1328842488022062,
    0.12552000572635905,
    0.12029201674470799,
    0.11773777856160918,
    0.11507510531695171,
    0.11409074866051111,
    0.11115890500464834,
    0.11101176165306714,
    0.10901058269321895,
    0.1083012798002788,
    0.10735179495831511,
    0.1068133274037988,
    0.10586147817595466,
    0.10552732573197819,
    0.10434672021210123,
    0.10433860198488856,
    0.10383149834521495,
    0.10289941015784147,
    0.1028249397060123,
    0.10251346362447333
  ],
  "val_acc": [
    0.8057211407652922,
    0.8180019293081698,
    0.8280936951198398,
    0.8315689232976329,
    0.8368868881248609,
    0.8370352964456207,
    0.843750772960004,
    0.8424398327932919,
    0.8469415518563408,
    0.8479309406614064,
    0.849377921788815,
    0.850033391872171,
    0.8522966187637587,
    0.8518884958816691,
    0.855314254619209,
    0.8541640901333202,
    0.8554255608597788,
    0.8575527467906701,
    0.8568478072670608,
    0.8577629919117465
  ],
  "learning_rates": [
    2.5e-06,
    2.5000328693600486e-06,
    2.500031047790078e-06,
    2.500029754629649e-06,
    2.500029122830356e-06,
    2.5000284642092905e-06,
    2.5000282207254033e-06,
    2.5000274955241432e-06,
    2.500027459127747e-06,
    2.500026964129488e-06,
    2.500026788681063e-06,
    2.5000265538228356e-06,
    2.5000264206310987e-06,
    2.500026185188032e-06,
    2.500026102534316e-06,
    2.5000258105076218e-06,
    2.500025808499551e-06,
    2.5000256830657826e-06,
    2.5000254525106755e-06,
    2.500025434090162e-06
  ]
}